{
    "intra": {
        "cosine": {
            "q25": 0.1523398436405955,
            "q75": 0.5277263680959301
        },
        "centroid": {
            "q25": 0.6629638373851776,
            "q75": 0.8818382173776627
        }
    },
    "inter": {
        "cosine": {
            "q25": -0.12618503218399524,
            "q75": 0.25290736127651325
        },
        "centroid": {
            "q25": 0.6002250015735626,
            "q75": 0.8744724094867706
        }
    }
}