{
    "intra": {
        "cosine": {
            "q25": 0.21789032829112331,
            "q75": 0.5865089842720009
        },
        "centroid": {
            "q25": 0.6986111402511597,
            "q75": 0.9959777295589447
        }
    },
    "inter": {
        "cosine": {
            "q25": -0.1532325203410979,
            "q75": 0.2084175487657885
        },
        "centroid": {
            "q25": 0.7818518429994583,
            "q75": 1.3231682181358337
        }
    }
}