{
    "intra": {
        "cosine": {
            "q25": 0.37420999142325106,
            "q75": 0.6885180973679472
        },
        "centroid": {
            "q25": 0.6190582513809204,
            "q75": 0.8214317113161087
        }
    },
    "inter": {
        "cosine": {
            "q25": -0.12276552262015866,
            "q75": 0.24718356795861784
        },
        "centroid": {
            "q25": 0.8596676737070084,
            "q75": 1.2644654512405396
        }
    }
}