{
    "intra": {
        "cosine": {
            "q25": 0.9995068832900368,
            "q75": 0.9999455362566478
        },
        "centroid": {
            "q25": 0.007750544813461602,
            "q75": 0.024343438912183046
        }
    },
    "inter": {
        "cosine": {
            "q25": 0.9979572446980862,
            "q75": 0.9998285919555658
        },
        "centroid": {
            "q25": 0.01335732382722199,
            "q75": 0.05393831245601177
        }
    }
}